plasmid_0;32_0+
# 32_0	0.687125748503	1	668

plasmid_1;32_5+
# 32_5	0.687125748503	1	668

plasmid_2;32_4+
# 32_4	0.687125748503	1	668

plasmid_3;32_1+
# 32_1	0.687125748503	1	668

plasmid_4;32_3+
# 32_3	0.687125748503	1	668

plasmid_5;32_2+
# 32_2	0.687125748503	1	668

