plasmid_0;25_2+
# 25_2	1.0	1	536

plasmid_1;24_0+
# 24_0	0.687125748502994	1	668

plasmid_2;24_1+
# 24_1	0.687125748502994	1	668

