plasmid_0;17+
# 17	0.821763005014	2.40265880623	37697

plasmid_1;21+
# 21	0.850308409809	7.80175046328	6647

plasmid_2;24+
# 24	0.472779369628	25.7077735161	2094

plasmid_3;28-,13-,81+,31-
# 28	0.480682839173	2.42672029156	1113
# 13	0.901992538231	1.76288553266	97564
# 81	0.0	0.899421884758	2
# 31	0.472292191436	2.00074803639	794

