plasmid_0;36+
# 36	0.890718562874	6.55737358703	668

plasmid_1;36+
# 36	0.890718562874	5.55737358703	668

plasmid_2;36+
# 36	0.890718562874	4.55737358703	668

plasmid_3;36+
# 36	0.890718562874	3.55737358703	668

plasmid_4;36+
# 36	0.890718562874	2.55737358703	668

plasmid_5;36+
# 36	0.890718562874	1.55737358703	668

plasmid_6;36+
# 36	0.890718562874	0.557373587031	668

plasmid_7;18+
# 18	0.01077742955	1.09954091611	75621

