plasmid_0;29_4+
# 29_4	0.8907185628742516	1	668

plasmid_1;29_3+
# 29_3	0.8907185628742516	1	668

plasmid_2;29_5+
# 29_5	0.8907185628742516	1	668

plasmid_3;29_1+
# 29_1	0.8907185628742516	1	668

plasmid_4;29_0+
# 29_0	0.8907185628742516	1	668

plasmid_5;29_2+
# 29_2	0.8907185628742516	1	668

plasmid_6;15_0+
# 15_0	0.010678861096188368	1	76319

