plasmid_0;57_1+
# 57_1	0.2905982905982906	1	234

plasmid_1;8_0+
# 8_0	0.079597075663654	1	169064

plasmid_2;8_1+
# 8_1	0.079597075663654	1	169064

plasmid_3;14_0+
# 14_0	0.006205140897358838	1	56566

plasmid_4;14_1+
# 14_1	0.006205140897358838	1	56566

