plasmid_0;26-,43+
# 26	0.763904532046	4.85045647294	37290
# 43	0.743902439024	6.70248383197	410

plasmid_1;22-,40-,47-,42-,52+,36+
# 22	0.834304729253	1.662433219	49585
# 40	0.75354969574	3.37009148394	986
# 47	0.768261964736	1.58408086714	397
# 42	0.947229551451	1.47113020485	758
# 52	1.0	0.7901873739	168
# 36	0.799214806506	1.38318898633	1783

