plasmid_0;91_1+
# 91_1	0.8212824010914052	1	733

plasmid_1;103_1+
# 103_1	0.6722222222222223	1	540

plasmid_2;102_0+
# 102_0	0.49074074074074076	1	540

plasmid_3;119_0+
# 119_0	0.24396135265700483	1	414

plasmid_4;24_0+
# 24_0	0.07496892866020383	1	20115

plasmid_5;24_1+
# 24_1	0.07496892866020383	1	20115

