plasmid_0;55_5+
# 55_5	1.0	1	256

plasmid_1;44_5+
# 44_5	0.934092758340114	1	1229

plasmid_2;44_1+
# 44_1	0.934092758340114	1	1229

plasmid_3;45_2+
# 45_2	0.9093931837073982	1	1203

plasmid_4;9_0+
# 9_0	0.079597075663654	1	169064

plasmid_5;9_1+
# 9_1	0.079597075663654	1	169064

plasmid_6;12_0+
# 12_0	0.04982881689867898	1	123844

plasmid_7;12_1+
# 12_1	0.04982881689867898	1	123844

plasmid_8;16_0+
# 16_0	0.006205140897358838	1	56566

plasmid_9;16_1+
# 16_1	0.006205140897358838	1	56566

