plasmid_0;43_0+
# 43_0	0.507569011576	1	1123

plasmid_1;14_0+
# 14_0	0.0587884970311	1	169591

plasmid_2;14_1+
# 14_1	0.0587884970311	1	169591

