plasmid_0;43_1+
# 43_1	0.5075690115761353	1	1123

plasmid_1;14_1+
# 14_1	0.05878849703109245	1	169591

plasmid_2;14_0+
# 14_0	0.05878849703109245	1	169591

