plasmid_0;20+
# 20	0.82174120643	3.29442467415	37698

plasmid_1;23+
# 23	0.850308409809	22.7570951913	6647

