plasmid_0;36_6+
# 36_6	0.8907185628742516	1	668

plasmid_1;36_3+
# 36_3	0.8907185628742516	1	668

plasmid_2;36_0+
# 36_0	0.8907185628742516	1	668

plasmid_3;36_4+
# 36_4	0.8907185628742516	1	668

plasmid_4;36_1+
# 36_1	0.8907185628742516	1	668

plasmid_5;36_2+
# 36_2	0.8907185628742516	1	668

plasmid_6;18_1+
# 18_1	0.010777429549992727	1	75621

plasmid_7;18_0+
# 18_0	0.010777429549992727	1	75621

