plasmid_0;46_0+
# 46_0	1.0	1	246

plasmid_1;35_2+
# 35_2	0.890718562874	1	668

plasmid_2;35_3+
# 35_3	0.890718562874	1	668

plasmid_3;35_0+
# 35_0	0.890718562874	1	668

plasmid_4;35_1+
# 35_1	0.890718562874	1	668

