plasmid_0;45_2+
# 45_2	0.8907185628742516	1	668

plasmid_1;45_1+
# 45_1	0.8907185628742516	1	668

plasmid_2;45_0+
# 45_0	0.8907185628742516	1	668

