plasmid_0;20_0+
# 20_0	0.010777429549992727	1	75621

plasmid_1;20_1+
# 20_1	0.010777429549992727	1	75621

