plasmid_0;28_0+
# 28_0	0.8907185628742516	1	668

plasmid_1;28_1+
# 28_1	0.8907185628742516	1	668

plasmid_2;28_2+
# 28_2	0.8907185628742516	1	668

plasmid_3;28_3+
# 28_3	0.8907185628742516	1	668

plasmid_4;28_4+
# 28_4	0.8907185628742516	1	668

plasmid_5;28_5+
# 28_5	0.8907185628742516	1	668

