plasmid_0;46_9+
# 46_9	1.0	1	246

plasmid_1;35_0+
# 35_0	0.8907185628742516	1	668

plasmid_2;35_1+
# 35_1	0.8907185628742516	1	668

plasmid_3;35_2+
# 35_2	0.8907185628742516	1	668

plasmid_4;35_3+
# 35_3	0.8907185628742516	1	668

