plasmid_0;40_2+
# 40_2	0.7535496957403651	1	986

plasmid_1;40_1+
# 40_1	0.7535496957403651	1	986

plasmid_2;13_0+
# 13_0	0.007237424828679315	1	171608

plasmid_3;13_1+
# 13_1	0.007237424828679315	1	171608

plasmid_4;17_0+
# 17_0	0.0016436482372148436	1	90652

