plasmid_0;40_3+
# 40_3	0.7535496957403651	1	986

plasmid_1;13_0+
# 13_0	0.007237424828679315	1	171608

plasmid_2;13_1+
# 13_1	0.007237424828679315	1	171608

plasmid_3;12_0+
# 12_0	0.004168253915674291	1	181131

plasmid_4;12_1+
# 12_1	0.004168253915674291	1	181131

plasmid_5;17_0+
# 17_0	0.0016436482372148436	1	90652

