plasmid_0;25_0+
# 25_0	0.8907185628742516	1	668

plasmid_1;25_1+
# 25_1	0.8907185628742516	1	668

plasmid_2;25_2+
# 25_2	0.8907185628742516	1	668

plasmid_3;25_3+
# 25_3	0.8907185628742516	1	668

plasmid_4;25_4+
# 25_4	0.8907185628742516	1	668

