plasmid_0;26_0+
# 26_0	0.687125748502994	1	668

plasmid_1;26_1+
# 26_1	0.687125748502994	1	668

plasmid_2;26_2+
# 26_2	0.687125748502994	1	668

plasmid_3;26_3+
# 26_3	0.687125748502994	1	668

plasmid_4;26_4+
# 26_4	0.687125748502994	1	668

