plasmid_0;32+
# 32	0.687125748503	5.18129927635	668

plasmid_1;32+
# 32	0.687125748503	4.18129927635	668

plasmid_2;32+
# 32	0.687125748503	3.18129927635	668

plasmid_3;32+
# 32	0.687125748503	2.18129927635	668

plasmid_4;32+
# 32	0.687125748503	1.18129927635	668

