plasmid_0;76_1+
# 76_1	0.7940074906367042	1	267

plasmid_1;44_1+
# 44_1	0.7822064056939502	1	1405

plasmid_2;44_0+
# 44_0	0.7822064056939502	1	1405

plasmid_3;114_2+
# 114_2	0.7619047619047619	1	63

plasmid_4;22_0+
# 22_0	0.07496892866020383	1	20115

