plasmid_0;36_3+
# 36_3	0.8907185628742516	1	668

plasmid_1;18_0+
# 18_0	0.010777429549992727	1	75621

plasmid_2;18_1+
# 18_1	0.010777429549992727	1	75621

