plasmid_0;90-,49-
# 90	1.0	0.306176929231	61
# 49	1.0	1.84259517919	759

plasmid_1;49+
# 49	1.0	0.842595179189	759

plasmid_2;14+
# 14	0.0587884970311	1.02655707722	169591

