plasmid_0;27_0+
# 27_0	0.8907185628742516	1	668

plasmid_1;27_1+
# 27_1	0.8907185628742516	1	668

plasmid_2;27_2+
# 27_2	0.8907185628742516	1	668

plasmid_3;27_3+
# 27_3	0.8907185628742516	1	668

plasmid_4;27_4+
# 27_4	0.8907185628742516	1	668

plasmid_5;27_5+
# 27_5	0.8907185628742516	1	668

