plasmid_0;48+
# 48	1.0	2.91970996494	202

plasmid_1;48+
# 48	1.0	1.91970996494	202

plasmid_2;48+
# 48	1.0	0.919709964936	202

plasmid_3;37+
# 37	1.0	0.916711681317	536

plasmid_4;35+
# 35	0.890718562874	3.24821466702	668

plasmid_5;35+
# 35	0.890718562874	2.24821466702	668

plasmid_6;35+
# 35	0.890718562874	1.24821466702	668

plasmid_7;39+
# 39	0.919587628866	0.621210297945	485

